CREATE DATABASE movie;
USE movie;
CREATE TABLE MOVIES(TITLE VARCHAR(20),DIRECTOR VARCHAR(20),MYEAR INT,RATING FLOAT,PRIMARY KEY(TITLE));
INSERT INTO MOVIES(TITLE,DIRECTOR,MYEAR,RATING)VALUES('FARGO','COEN',1996,8.2);
INSERT INTO MOVIES(TITLE,DIRECTOR,MYEAR,RATING)VALUES('RAISING ARIZONA','COEN',1987,7.6);
INSERT INTO MOVIES(TITLE,DIRECTOR,MYEAR,RATING)VALUES('SPIDERMAN','RAIMI',2002,7.4);
INSERT INTO MOVIES(TITLE,DIRECTOR,MYEAR,RATING)VALUES('WONDERBOYS','HANSON',2000,7.6);
SELECT * FROM MOVIES ;
USE movie;
CREATE TABLE ACTORS(ACTOR VARCHAR(20),AYEAR INT,PRIMARY KEY(ACTOR));
INSERT INTO ACTORS(ACTOR,AYEAR)VALUES('CAGE',1964);
INSERT INTO ACTORS(ACTOR,AYEAR)VALUES('HANKS',1956);
INSERT INTO ACTORS(ACTOR,AYEAR)VALUES('MAGUIRE',1975);
INSERT INTO ACTORS(ACTOR,AYEAR)VALUES('MCDORMAND',1957);
SELECT * FROM ACTORS;
USE movie;
CREATE TABLE DIRECT(DIRECTOR VARCHAR(20),DYEAR INT,PRIMARY KEY(DIRECTOR));
INSERT INTO DIRECT(DIRECTOR,DYEAR)VALUES('COEN',1954);
INSERT INTO DIRECT(DIRECTOR,DYEAR)VALUES('HANSON',1945);
INSERT INTO DIRECT(DIRECTOR,DYEAR)VALUES('RAIMI',1959);
SELECT * FROM DIRECT;
USE movie;
CREATE TABLE ACTS(ACTOR VARCHAR(20),TITLE VARCHAR(20),FOREIGN KEY(ACTOR) REFERENCES ACTORS(ACTOR) ON DELETE CASCADE,FOREIGN KEY(TITLE) REFERENCES MOVIES(TITLE) ON DELETE CASCADE);
INSERT INTO ACTS(ACTOR,TITLE)VALUES('CAGE','RAISING ARIZONA');
INSERT INTO ACTS(ACTOR,TITLE)VALUES('MAGUIRE','SPIDERMAN');
INSERT INTO ACTS(ACTOR,TITLE)VALUES('MAGUIRE ','WONDER BOYS');
INSERT INTO ACTS(ACTOR,TITLE)VALUES('MCDORMAND','FARGO');
INSERT INTO ACTS(ACTOR,TITLE)VALUES('MCDORMAND','RAISING ARIZONA');
INSERT INTO ACTS(ACTOR,TITLE)VALUES('MCDORMAND','WONDER BOYS');
SELECT * FROM ACTS;
SELECT * FROM MOVIES WHERE myyear >1997;
SELECT * FROM MOVIES WHERE myyear >1997 and director="Hanson";
SELECT title,rating FROM MOVIES;
SELECT MOVIES.director,ACTS.ACTOR FROM MOVIES INNER JOIN ACTS ON MOVIES.title= ACTS.title;
SELECT MOVIES.title FROM MOVIES INNER JOIN ACTS ON MOVIES.title= ACTS.title WHERE director="coen" and actor="MCDORMAND";